,count,mean,std,min,25%,50%,75%,max,percent_notes_nonzero
colon_header_count,500.0,18.458,24.305096408425243,0.0,1.0,8.0,20.25,113.0,81.2
uppercase_header_count,500.0,4.408,6.376429542260687,0.0,0.0,1.0,9.0,35.0,51.0
numeric_token_count,500.0,49.434,71.11413420810477,0.0,7.0,17.0,58.5,432.0,93.60000000000001
bp_pattern_count,500.0,1.406,2.173156510340862,0.0,0.0,0.0,3.0,11.0,40.6
deid_token_count,500.0,7.046,9.777273349369782,0.0,1.0,3.0,9.0,66.0,78.8
char_length,500.0,2694.69,2928.4764322645074,49.0,734.25,1505.5,3417.5,17558.0,100.0
token_count,500.0,367.556,368.9321356366382,7.0,118.75,241.0,480.5,2557.0,100.0
line_count,500.0,64.964,80.8358309608695,2.0,12.0,26.0,86.25,456.0,100.0
